Design,Dt (mm),Rc (mm),P (mm),V (mL),Ren,f (Hz),xo (mm),N1,N2,N3,N4,N5,Navg,Nstd
1,5.0,12.5,10.0,16.48,49.46069548,5.495565529,2.243571051,,,,,,115.0,
1,5.0,12.5,10.0,16.48,48.89666267,5.506815166,2.243769307,,,,,,127.0,
1,5.0,12.5,10.0,16.48,48.81161934207621,4.743523812213374,2.0603843692399035,,,,,,,
