Design,Dt (mm),Rc (mm),P (mm),V (mL),Ren,f (Hz),xo (mm),N1,N2,N3,N4,N5,Navg,Nstd
1,5.0,12.5,10.0,16.48,49.46069548,5.495565529,2.243571051,,,,,,115.0,
1,5.0,12.5,10.0,16.48,48.89666267462645,5.506815166375202,2.2437693067501865,,,,,,,
