Design,Dt (mm),Rc (mm),P (mm),V (mL),Ren,f (Hz),xo (mm),N1,N2,N3,N4,N5,Navg,Nstd
1,5.0,12.5,10.0,16.48,49.46069547942381,5.495565529152557,2.24357105098959,,,,,,,
