Design,Dt (mm),Rc (mm),P (mm),V (mL),Ren,f (Hz),xo (mm),N1,N2,N3,N4,N5,Navg,Nstd
2,5.168931165446788,22.578430648576855,10.4534779362633,17.246390124293363,49.39866371676451,2.8216952140965126,3.512103484338855,,,,,,,
